codon,class,HumanREM2codon,PDBSite
1,Diversifying,1.0,1.0
2,Diversifying,2.0,2.0
3,Invariable,,
4,Neutral,3.0,3.0
5,Neutral,4.0,4.0
6,Purifying,5.0,5.0
7,Invariable,,
8,Invariable,,
9,Purifying,6.0,6.0
10,Purifying,7.0,7.0
11,Neutral,,
12,Invariable,,
13,Neutral,8.0,8.0
14,Invariable,9.0,9.0
15,Purifying,10.0,10.0
16,Purifying,11.0,11.0
17,Purifying,12.0,12.0
18,Purifying,13.0,13.0
19,Purifying,14.0,14.0
20,Diversifying,15.0,15.0
21,Neutral,16.0,16.0
22,Purifying,17.0,17.0
23,Purifying,18.0,18.0
24,Purifying,19.0,19.0
25,Purifying,20.0,20.0
26,Purifying,21.0,21.0
27,Neutral,22.0,22.0
28,Purifying,23.0,23.0
29,Neutral,24.0,24.0
30,Diversifying,25.0,25.0
31,Neutral,26.0,26.0
32,Purifying,27.0,27.0
33,Diversifying,28.0,28.0
34,Neutral,29.0,29.0
35,Invariable,,
36,Invariable,,
37,Invariable,,
38,Invariable,,
39,Neutral,,
40,Neutral,,
41,Invariable,,
42,Invariable,,
43,Invariable,,
44,Invariable,,
45,Invariable,,
46,Invariable,,
47,Neutral,30.0,30.0
48,Purifying,31.0,31.0
49,Invariable,,
50,Purifying,32.0,32.0
51,Purifying,33.0,33.0
52,Neutral,34.0,34.0
53,Invariable,,
54,Purifying,35.0,35.0
55,Diversifying,36.0,36.0
56,Purifying,37.0,37.0
57,Purifying,38.0,38.0
58,Purifying,39.0,39.0
59,Neutral,40.0,40.0
60,Purifying,41.0,41.0
61,Purifying,42.0,42.0
62,Purifying,,
63,Purifying,43.0,43.0
64,Neutral,44.0,44.0
65,Purifying,45.0,45.0
66,Purifying,46.0,46.0
67,Purifying,47.0,47.0
68,Purifying,48.0,48.0
69,Neutral,49.0,49.0
70,Purifying,50.0,50.0
71,Purifying,51.0,51.0
72,Purifying,52.0,52.0
73,Neutral,53.0,53.0
74,Invariable,,
75,Invariable,,
76,Purifying,54.0,54.0
77,Diversifying,55.0,55.0
78,Purifying,56.0,56.0
79,Purifying,57.0,57.0
80,Neutral,58.0,58.0
81,Neutral,59.0,59.0
82,Purifying,60.0,60.0
83,Purifying,61.0,61.0
84,Purifying,62.0,62.0
85,Purifying,63.0,63.0
86,Purifying,64.0,64.0
87,Purifying,65.0,65.0
88,Purifying,66.0,66.0
89,Purifying,67.0,67.0
90,Purifying,68.0,68.0
91,Invariable,69.0,69.0
92,Purifying,70.0,70.0
93,Purifying,71.0,71.0
94,Purifying,72.0,72.0
95,Purifying,73.0,73.0
96,Purifying,74.0,74.0
97,Purifying,75.0,75.0
98,Purifying,76.0,76.0
99,Purifying,77.0,77.0
100,Diversifying,78.0,78.0
101,Purifying,79.0,79.0
102,Purifying,80.0,80.0
103,Purifying,81.0,81.0
104,Purifying,82.0,82.0
105,Purifying,83.0,83.0
106,Purifying,84.0,84.0
107,Purifying,85.0,85.0
108,Purifying,86.0,86.0
109,Purifying,87.0,87.0
110,Invariable,88.0,88.0
111,Purifying,89.0,89.0
112,Purifying,90.0,90.0
113,Purifying,91.0,91.0
114,Neutral,92.0,92.0
115,Purifying,93.0,93.0
116,Purifying,94.0,94.0
117,Purifying,95.0,95.0
118,Purifying,96.0,96.0
119,Purifying,97.0,97.0
120,Purifying,98.0,98.0
121,Purifying,99.0,99.0
122,Purifying,100.0,100.0
123,Purifying,101.0,101.0
124,Purifying,102.0,102.0
125,Purifying,103.0,103.0
126,Purifying,104.0,104.0
127,Purifying,105.0,105.0
128,Diversifying,106.0,106.0
129,Purifying,107.0,107.0
130,Neutral,108.0,108.0
131,Neutral,109.0,109.0
132,Diversifying,110.0,110.0
133,Purifying,111.0,111.0
134,Purifying,112.0,112.0
135,Purifying,113.0,113.0
136,Purifying,114.0,114.0
137,Purifying,115.0,115.0
138,Purifying,116.0,116.0
139,Purifying,117.0,117.0
140,Invariable,118.0,118.0
141,Purifying,119.0,119.0
142,Purifying,120.0,120.0
143,Purifying,121.0,121.0
144,Purifying,122.0,122.0
145,Purifying,123.0,123.0
146,Purifying,124.0,124.0
147,Purifying,125.0,125.0
148,Neutral,126.0,126.0
149,Purifying,127.0,127.0
150,Purifying,128.0,128.0
151,Purifying,129.0,129.0
152,Purifying,130.0,130.0
153,Purifying,131.0,131.0
154,Neutral,132.0,132.0
155,Purifying,133.0,133.0
156,Purifying,134.0,134.0
157,Purifying,135.0,135.0
158,Neutral,136.0,136.0
159,Purifying,137.0,137.0
160,Purifying,138.0,138.0
161,Purifying,139.0,139.0
162,Purifying,140.0,140.0
163,Neutral,141.0,141.0
164,Neutral,142.0,142.0
165,Purifying,143.0,143.0
166,Purifying,144.0,144.0
167,Purifying,145.0,145.0
168,Purifying,146.0,146.0
169,Purifying,147.0,147.0
170,Diversifying,148.0,148.0
171,Neutral,,
172,Invariable,,
173,Invariable,,
174,Invariable,,
175,Invariable,,
176,Invariable,,
177,Neutral,,
178,Invariable,,
179,Neutral,,
180,Neutral,,
181,Invariable,,
182,Invariable,,
183,Neutral,,
184,Invariable,,
185,Invariable,,
186,Invariable,,
187,Neutral,,
188,Invariable,,
189,Invariable,,
190,Invariable,,
191,Invariable,,
192,Invariable,,
193,Neutral,,
194,Invariable,,
195,Invariable,,
196,Neutral,,
197,Purifying,,
198,Invariable,,
199,Invariable,,
200,Invariable,,
201,Invariable,,
202,Invariable,,
203,Invariable,,
204,Invariable,,
205,Invariable,,
206,Invariable,,
207,Invariable,,
208,Invariable,,
209,Invariable,,
210,Invariable,,
211,Invariable,,
212,Invariable,,
213,Invariable,,
214,Invariable,,
215,Invariable,,
216,Invariable,,
217,Invariable,,
218,Invariable,,
219,Neutral,,
220,Invariable,,
221,Invariable,,
222,Invariable,,
223,Invariable,,
224,Invariable,,
225,Invariable,,
226,Invariable,,
227,Invariable,,
228,Invariable,,
229,Invariable,,
230,Invariable,,
231,Invariable,,
232,Invariable,,
233,Invariable,,
234,Neutral,,
235,Invariable,,
236,Invariable,,
237,Neutral,,
238,Neutral,,
239,Neutral,,
240,Neutral,,
241,Invariable,,
242,Invariable,,
243,Invariable,,
244,Invariable,,
245,Purifying,149.0,149.0
246,Purifying,150.0,150.0
247,Purifying,151.0,151.0
248,Purifying,152.0,152.0
249,Purifying,153.0,153.0
250,Purifying,154.0,154.0
251,Purifying,155.0,155.0
252,Purifying,156.0,156.0
253,Neutral,157.0,157.0
254,Purifying,158.0,158.0
255,Purifying,159.0,159.0
256,Purifying,160.0,160.0
257,Purifying,161.0,161.0
258,Purifying,162.0,162.0
259,Purifying,163.0,163.0
260,Purifying,164.0,164.0
261,Purifying,165.0,165.0
262,Neutral,166.0,166.0
263,Purifying,167.0,167.0
264,Purifying,168.0,168.0
265,Purifying,169.0,169.0
266,Purifying,170.0,170.0
267,Invariable,171.0,171.0
268,Purifying,172.0,172.0
269,Neutral,173.0,173.0
270,Invariable,,
271,Invariable,,
272,Invariable,,
273,Invariable,,
274,Invariable,,
275,Invariable,,
276,Invariable,,
277,Invariable,,
278,Invariable,,
279,Invariable,,
280,Invariable,,
281,Invariable,,
282,Invariable,,
283,Invariable,,
284,Invariable,,
285,Invariable,,
286,Invariable,,
287,Invariable,,
288,Invariable,,
289,Invariable,,
290,Invariable,,
291,Invariable,,
292,Invariable,,
293,Purifying,174.0,174.0
294,Purifying,175.0,175.0
295,Neutral,176.0,176.0
296,Purifying,177.0,177.0
297,Purifying,178.0,178.0
298,Neutral,179.0,179.0
299,Purifying,180.0,180.0
300,Neutral,181.0,181.0
301,Purifying,182.0,182.0
302,Purifying,183.0,183.0
303,Purifying,184.0,184.0
304,Purifying,185.0,185.0
305,Neutral,186.0,186.0
306,Purifying,187.0,187.0
307,Purifying,188.0,188.0
308,Purifying,189.0,189.0
309,Purifying,190.0,190.0
310,Purifying,191.0,191.0
311,Invariable,192.0,192.0
312,Purifying,193.0,193.0
313,Neutral,194.0,194.0
314,Purifying,195.0,195.0
315,Diversifying,196.0,196.0
316,Purifying,197.0,197.0
317,Purifying,198.0,198.0
318,Purifying,199.0,199.0
319,Purifying,200.0,200.0
320,Purifying,201.0,201.0
321,Purifying,202.0,202.0
322,Purifying,203.0,203.0
323,Neutral,204.0,204.0
324,Neutral,205.0,205.0
325,Purifying,206.0,206.0
326,Purifying,207.0,207.0
327,Purifying,208.0,208.0
328,Purifying,209.0,209.0
329,Purifying,210.0,210.0
330,Purifying,211.0,211.0
331,Purifying,212.0,212.0
332,Purifying,213.0,213.0
333,Purifying,214.0,214.0
334,Purifying,215.0,215.0
335,Purifying,216.0,216.0
336,Purifying,217.0,217.0
337,Diversifying,218.0,218.0
338,Purifying,219.0,219.0
339,Purifying,220.0,220.0
340,Purifying,221.0,221.0
341,Purifying,222.0,222.0
342,Purifying,223.0,223.0
343,Invariable,,
344,Invariable,,
345,Invariable,,
346,Invariable,,
347,Neutral,224.0,224.0
348,Purifying,225.0,225.0
349,Purifying,226.0,226.0
350,Purifying,227.0,227.0
351,Purifying,228.0,228.0
352,Purifying,229.0,229.0
353,Purifying,230.0,230.0
354,Purifying,231.0,231.0
355,Purifying,232.0,232.0
356,Purifying,233.0,233.0
357,Purifying,234.0,234.0
358,Purifying,235.0,235.0
359,Diversifying,236.0,236.0
360,Purifying,237.0,237.0
361,Purifying,238.0,238.0
362,Purifying,239.0,239.0
363,Purifying,240.0,240.0
364,Purifying,241.0,241.0
365,Purifying,242.0,242.0
366,Invariable,,
367,Invariable,,
368,Invariable,,
369,Invariable,,
370,Invariable,,
371,Invariable,,
372,Invariable,,
373,Invariable,,
374,Neutral,,
375,Invariable,,
376,Invariable,,
377,Invariable,,
378,Invariable,,
379,Invariable,,
380,Purifying,,
381,Invariable,,
382,Neutral,,
383,Invariable,,
384,Invariable,,
385,Neutral,,
386,Invariable,,
387,Invariable,,
388,Invariable,,
389,Invariable,,
390,Invariable,,
391,Invariable,,
392,Invariable,,
393,Invariable,,
394,Invariable,,
395,Invariable,,
396,Neutral,,
397,Invariable,,
398,Invariable,,
399,Neutral,,
400,Invariable,,
401,Invariable,,
402,Invariable,,
403,Invariable,,
404,Invariable,,
405,Invariable,,
406,Invariable,,
407,Invariable,,
408,Invariable,,
409,Neutral,,
410,Invariable,,
411,Invariable,,
412,Invariable,,
413,Invariable,,
414,Invariable,,
415,Invariable,,
416,Invariable,,
417,Invariable,,
418,Invariable,,
419,Invariable,,
420,Invariable,,
421,Invariable,,
422,Invariable,,
423,Invariable,,
424,Invariable,,
425,Invariable,,
426,Invariable,,
427,Invariable,,
428,Invariable,,
429,Invariable,,
430,Neutral,,
431,Invariable,,
432,Invariable,,
433,Invariable,,
434,Invariable,,
435,Invariable,,
436,Invariable,,
437,Neutral,,
438,Invariable,,
439,Invariable,,
440,Invariable,,
441,Invariable,,
442,Purifying,,
443,Neutral,,
444,Invariable,,
445,Invariable,,
446,Invariable,,
447,Invariable,,
448,Invariable,,
449,Invariable,,
450,Neutral,,
451,Invariable,,
452,Invariable,,
453,Invariable,,
454,Invariable,,
455,Invariable,,
456,Invariable,,
457,Neutral,,
458,Invariable,,
459,Invariable,,
460,Invariable,,
461,Invariable,,
462,Invariable,,
463,Invariable,,
464,Invariable,,
465,Invariable,,
466,Invariable,,
467,Invariable,,
468,Invariable,,
469,Invariable,,
470,Invariable,,
471,Invariable,,
472,Invariable,,
473,Invariable,,
474,Invariable,,
475,Invariable,,
476,Invariable,,
477,Neutral,,
478,Invariable,,
479,Invariable,,
480,Neutral,,
481,Neutral,,
482,Neutral,,
483,Neutral,,
484,Invariable,,
485,Invariable,,
486,Invariable,,
487,Invariable,,
488,Neutral,,
489,Neutral,,
490,Invariable,,
491,Invariable,,
492,Invariable,,
493,Purifying,243.0,243.0
494,Purifying,244.0,244.0
495,Purifying,245.0,245.0
496,Purifying,246.0,246.0
497,Purifying,247.0,247.0
498,Purifying,248.0,248.0
499,Purifying,249.0,249.0
500,Purifying,250.0,250.0
501,Purifying,251.0,251.0
502,Purifying,252.0,252.0
503,Invariable,253.0,253.0
504,Purifying,254.0,254.0
505,Purifying,255.0,255.0
506,Purifying,256.0,256.0
507,Invariable,257.0,257.0
508,Purifying,258.0,258.0
509,Purifying,259.0,259.0
510,Purifying,260.0,260.0
511,Purifying,261.0,261.0
512,Purifying,262.0,262.0
513,Purifying,263.0,263.0
514,Purifying,264.0,264.0
515,Purifying,265.0,265.0
516,Purifying,266.0,266.0
517,Purifying,267.0,267.0
518,Purifying,268.0,268.0
519,Purifying,269.0,269.0
520,Purifying,270.0,270.0
521,Purifying,271.0,271.0
522,Purifying,272.0,272.0
523,Purifying,273.0,273.0
524,Purifying,274.0,274.0
525,Purifying,275.0,275.0
526,Purifying,276.0,276.0
527,Purifying,277.0,277.0
528,Purifying,278.0,278.0
529,Purifying,279.0,279.0
530,Purifying,280.0,280.0
531,Invariable,,
532,Invariable,,
533,Invariable,,
534,Invariable,,
535,Diversifying,281.0,281.0
536,Diversifying,282.0,282.0
537,Invariable,,
538,Diversifying,283.0,283.0
539,Purifying,284.0,284.0
540,Purifying,285.0,285.0
541,Invariable,,
542,Invariable,,
543,Invariable,,
544,Invariable,,
545,Invariable,,
546,Invariable,,
547,Invariable,,
548,Invariable,,
549,Invariable,,
550,Invariable,,
551,Purifying,286.0,286.0
552,Purifying,287.0,287.0
553,Neutral,288.0,288.0
554,Diversifying,289.0,289.0
555,Invariable,,
556,Invariable,,
557,Invariable,,
558,Purifying,290.0,290.0
559,Purifying,291.0,291.0
560,Invariable,,
561,Neutral,292.0,292.0
562,Purifying,293.0,293.0
563,Neutral,294.0,294.0
564,Purifying,295.0,295.0
565,Purifying,296.0,296.0
566,Purifying,297.0,297.0
567,Purifying,298.0,298.0
568,Invariable,,
569,Invariable,,
570,Invariable,,
571,Neutral,,
572,Neutral,,
573,Invariable,,
574,Neutral,,
575,Invariable,,
576,Invariable,,
577,Neutral,,
578,Purifying,,
579,Purifying,,
580,Diversifying,299.0,299.0
581,Purifying,300.0,300.0
582,Purifying,301.0,301.0
583,Invariable,,
584,Invariable,,
585,Invariable,,
586,Invariable,,
587,Purifying,302.0,302.0
588,Neutral,303.0,303.0
589,Purifying,304.0,304.0
590,Purifying,305.0,305.0
591,Purifying,306.0,306.0
592,Purifying,307.0,307.0
593,Neutral,308.0,308.0
594,Neutral,309.0,309.0
595,Neutral,310.0,310.0
596,Purifying,311.0,311.0
597,Purifying,312.0,312.0
598,Purifying,313.0,313.0
599,Purifying,314.0,314.0
600,Purifying,315.0,315.0
601,Diversifying,316.0,316.0
602,Purifying,317.0,317.0
603,Purifying,318.0,318.0
604,Purifying,319.0,319.0
605,Neutral,320.0,320.0
606,Purifying,321.0,321.0
607,Purifying,322.0,322.0
608,Purifying,323.0,323.0
609,Purifying,324.0,324.0
610,Invariable,,
611,Invariable,,
612,Purifying,325.0,325.0
613,Purifying,326.0,326.0
614,Purifying,327.0,327.0
615,Purifying,328.0,328.0
616,Purifying,329.0,329.0
617,Purifying,330.0,330.0
618,Purifying,331.0,331.0
619,Purifying,332.0,332.0
620,Diversifying,333.0,333.0
621,Purifying,334.0,334.0
622,Purifying,335.0,335.0
623,Neutral,336.0,336.0
624,Purifying,337.0,337.0
625,Purifying,338.0,338.0
626,Diversifying,339.0,339.0
627,Diversifying,340.0,340.0
